[
  {
    "value": "AA234",
    "synonyms": [
      "AA234"
    ]
  },
  {
    "value": "ABA0232",
    "synonyms": [
      "ABA0232"
    ]
  },
  {
    "value": "AI23",
    "synonyms": [
      "AI23"
    ]
  },
  {
    "value": "AIR02",
    "synonyms": [
      "AIR02"
    ]
  },
  {
    "value": "BA010",
    "synonyms": [
      "BA010"
    ]
  },
  {
    "value": "BA1030",
    "synonyms": [
      "BA1030"
    ]
  },
  {
    "value": "BA3457",
    "synonyms": [
      "BA3457"
    ]
  },
  {
    "value": "BAN1030",
    "synonyms": [
      "BAN1030"
    ]
  },
  {
    "value": "CA1434",
    "synonyms": [
      "CA1434"
    ]
  },
  {
    "value": "CHN010",
    "synonyms": [
      "CHN010"
    ]
  },
  {
    "value": "DL010",
    "synonyms": [
      "DL010"
    ]
  },
  {
    "value": "GOA02132",
    "synonyms": [
      "GOA02132"
    ]
  },
  {
    "value": "I213",
    "synonyms": [
      "I213"
    ]
  },
  {
    "value": "IA010",
    "synonyms": [
      "IA010"
    ]
  },
  {
    "value": "IAN010",
    "synonyms": [
      "IAN010"
    ]
  },
  {
    "value": "IND010",
    "synonyms": [
      "IND010"
    ]
  },
  {
    "value": "INDJ10",
    "synonyms": [
      "INDJ10"
    ]
  },
  {
    "value": "INGA1030",
    "synonyms": [
      "INGA1030"
    ]
  },
  {
    "value": "SA1234",
    "synonyms": [
      "SA1234"
    ]
  },
  {
    "value": "SP10",
    "synonyms": [
      "SP10"
    ]
  },
  {
    "value": "SP20",
    "synonyms": [
      "SP20"
    ]
  },
  {
    "value": "SPJ02132",
    "synonyms": [
      "SPJ02132"
    ]
  },
  {
    "value": "SPJ1030",
    "synonyms": [
      "SPJ1030"
    ]
  },
  {
    "value": "YZ1234",
    "synonyms": [
      "YZ1234"
    ]
  },
  {
    "value": "iOPEX010",
    "synonyms": [
      "iOPEX010"
    ]
  }
]