[
  {
    "id": "8f2feaa8-fb52-45d6-ad2c-d1801877d7e8",
    "data": [
      {
        "text": "i will fly ",
        "userDefined": false
      },
      {
        "text": "on 22/08/2019",
        "alias": "date",
        "meta": "@sys.date",
        "userDefined": false
      }
    ],
    "isTemplate": false,
    "count": 0,
    "updated": 0
  },
  {
    "id": "8d647b19-e109-4039-9f26-5f907c19e657",
    "data": [
      {
        "text": "date is ",
        "userDefined": false
      },
      {
        "text": "22/08/2019",
        "alias": "date",
        "meta": "@sys.date",
        "userDefined": false
      }
    ],
    "isTemplate": false,
    "count": 0,
    "updated": 0
  },
  {
    "id": "d703e1f2-abbe-46ec-a5ec-7fc654dca2b6",
    "data": [
      {
        "text": "22/08/2019",
        "alias": "date",
        "meta": "@sys.date",
        "userDefined": false
      }
    ],
    "isTemplate": false,
    "count": 0,
    "updated": 0
  }
]