[
  {
    "id": "1c594413-85bc-4b18-a1da-44b86886aad5",
    "data": [
      {
        "text": "low cost flights",
        "userDefined": false
      }
    ],
    "isTemplate": false,
    "count": 0,
    "updated": 0
  },
  {
    "id": "28d1a669-652e-4c7d-b45f-84e115cd3dad",
    "data": [
      {
        "text": "show me low to high cost",
        "userDefined": false
      }
    ],
    "isTemplate": false,
    "count": 0,
    "updated": 0
  },
  {
    "id": "ac92b260-b5cd-4558-89f3-40dfe5b1389b",
    "data": [
      {
        "text": "cost",
        "userDefined": false
      }
    ],
    "isTemplate": false,
    "count": 0,
    "updated": 0
  }
]