[
  {
    "id": "2bfe6b51-eaf8-48ce-8c6b-3898aae816df",
    "data": [
      {
        "text": "its ",
        "userDefined": false
      },
      {
        "text": "Mudurai",
        "alias": "source",
        "meta": "@sys.geo-city",
        "userDefined": true
      }
    ],
    "isTemplate": false,
    "count": 0,
    "updated": 0
  },
  {
    "id": "84007bb7-1fa9-4a4b-b794-6006cf1d10c5",
    "data": [
      {
        "text": "Tirupathi",
        "alias": "source",
        "meta": "@sys.geo-city",
        "userDefined": true
      }
    ],
    "isTemplate": false,
    "count": 0,
    "updated": 0
  },
  {
    "id": "b9c3b69a-276e-467c-ab7d-4aa6ee9152f0",
    "data": [
      {
        "text": "Chennai",
        "alias": "source",
        "meta": "@sys.geo-city",
        "userDefined": true
      }
    ],
    "isTemplate": false,
    "count": 0,
    "updated": 0
  },
  {
    "id": "14cdaa45-9da7-4004-a0f9-db2df777b60a",
    "data": [
      {
        "text": "the source city is ",
        "userDefined": false
      },
      {
        "text": "Goa",
        "alias": "source",
        "meta": "@sys.geo-city",
        "userDefined": true
      }
    ],
    "isTemplate": false,
    "count": 0,
    "updated": 0
  },
  {
    "id": "913070b0-b133-49ed-b9bc-968118f1d899",
    "data": [
      {
        "text": "Im flying from ",
        "userDefined": false
      },
      {
        "text": "Delhi",
        "alias": "source",
        "meta": "@sys.geo-city",
        "userDefined": false
      }
    ],
    "isTemplate": false,
    "count": 0,
    "updated": 0
  },
  {
    "id": "6d8d655f-9844-4426-859b-4e1fee526c65",
    "data": [
      {
        "text": "Hyderabad",
        "alias": "source",
        "meta": "@sys.geo-city",
        "userDefined": true
      }
    ],
    "isTemplate": false,
    "count": 0,
    "updated": 0
  },
  {
    "id": "1db74266-68f4-495c-a05d-f896622cbe91",
    "data": [
      {
        "text": "Mumbai",
        "alias": "source",
        "meta": "@sys.geo-city",
        "userDefined": false
      }
    ],
    "isTemplate": false,
    "count": 0,
    "updated": 0
  },
  {
    "id": "47f30038-089a-4d07-9fa1-49a0ad371f40",
    "data": [
      {
        "text": "Kochi",
        "alias": "source",
        "meta": "@sys.geo-city",
        "userDefined": true
      }
    ],
    "isTemplate": false,
    "count": 0,
    "updated": 0
  },
  {
    "id": "bdd778ec-7602-4564-882a-d1bae56e68b4",
    "data": [
      {
        "text": "Goa",
        "alias": "source",
        "meta": "@sys.geo-city",
        "userDefined": true
      }
    ],
    "isTemplate": false,
    "count": 0,
    "updated": 0
  },
  {
    "id": "ea0499c5-a0a5-4855-93dc-cdf5c4e33bad",
    "data": [
      {
        "text": "Delhi",
        "alias": "source",
        "meta": "@sys.geo-city",
        "userDefined": false
      }
    ],
    "isTemplate": false,
    "count": 0,
    "updated": 0
  },
  {
    "id": "69e296e6-67f1-43f5-bc08-3d6c41e946d8",
    "data": [
      {
        "text": "Bangalore",
        "alias": "source",
        "meta": "@sys.geo-city",
        "userDefined": false
      }
    ],
    "isTemplate": false,
    "count": 1,
    "updated": 0
  },
  {
    "id": "caf4b812-e7dc-4ce8-b089-e370eba1812a",
    "data": [
      {
        "text": "Singapore",
        "alias": "source",
        "meta": "@sys.geo-city",
        "userDefined": true
      }
    ],
    "isTemplate": false,
    "count": 0,
    "updated": 0
  },
  {
    "id": "0a84875d-5d37-43b4-8381-385b4aa0f98c",
    "data": [
      {
        "text": "kolkata",
        "alias": "source",
        "meta": "@sys.geo-city",
        "userDefined": true
      }
    ],
    "isTemplate": false,
    "count": 0,
    "updated": 0
  },
  {
    "id": "c2d1f7c6-7d9f-4002-a80f-c7aa48656590",
    "data": [
      {
        "text": "pune",
        "alias": "source",
        "meta": "@sys.geo-city",
        "userDefined": true
      }
    ],
    "isTemplate": false,
    "count": 1,
    "updated": 0
  }
]