[
  {
    "id": "add07297-dfbc-4735-8df9-5d008b758f89",
    "data": [
      {
        "text": "thanks a lot for the help",
        "userDefined": false
      }
    ],
    "isTemplate": false,
    "count": 0,
    "updated": 0
  },
  {
    "id": "88c08c1f-c106-4f92-9f3a-3505e2535ebb",
    "data": [
      {
        "text": "tata",
        "userDefined": false
      }
    ],
    "isTemplate": false,
    "count": 0,
    "updated": 0
  },
  {
    "id": "262f6d14-81a4-4b83-a7c8-c46288c1182c",
    "data": [
      {
        "text": "thankyou",
        "userDefined": false
      }
    ],
    "isTemplate": false,
    "count": 0,
    "updated": 0
  },
  {
    "id": "9f23f8c4-41a8-46de-bf4e-c40cd23a962c",
    "data": [
      {
        "text": "good bye",
        "userDefined": false
      }
    ],
    "isTemplate": false,
    "count": 0,
    "updated": 0
  },
  {
    "id": "03b70f9d-9f9e-43e3-8e79-2425a3092865",
    "data": [
      {
        "text": "bye",
        "userDefined": false
      }
    ],
    "isTemplate": false,
    "count": 0,
    "updated": 0
  },
  {
    "id": "a19fdfa5-bdb8-4c42-add9-977790c77eab",
    "data": [
      {
        "text": "nye",
        "userDefined": false
      }
    ],
    "isTemplate": false,
    "count": 0,
    "updated": 0
  },
  {
    "id": "a54e3e31-3faf-44e6-a9ba-a38920a816e0",
    "data": [
      {
        "text": "great thanks",
        "userDefined": false
      }
    ],
    "isTemplate": false,
    "count": 0,
    "updated": 0
  },
  {
    "id": "1e40366d-8e6d-496a-91a9-a67423249664",
    "data": [
      {
        "text": "thanks",
        "userDefined": false
      }
    ],
    "isTemplate": false,
    "count": 0,
    "updated": 0
  }
]