[
  {
    "id": "785d4cfb-e2ae-4520-bbb5-d8c3eaffe704",
    "data": [
      {
        "text": "its ",
        "userDefined": false
      },
      {
        "text": "Mudurai",
        "alias": "city",
        "meta": "@sys.geo-city",
        "userDefined": true
      }
    ],
    "isTemplate": false,
    "count": 0,
    "updated": 0
  },
  {
    "id": "5428c843-a00b-45bd-adba-e6dd522810d5",
    "data": [
      {
        "text": "Chennai",
        "alias": "city",
        "meta": "@sys.geo-city",
        "userDefined": true
      }
    ],
    "isTemplate": false,
    "count": 0,
    "updated": 0
  },
  {
    "id": "0a40f12e-4df1-4977-a142-3913fe6a67c1",
    "data": [
      {
        "text": "Tirupathi",
        "alias": "city",
        "meta": "@sys.geo-city",
        "userDefined": true
      }
    ],
    "isTemplate": false,
    "count": 0,
    "updated": 0
  },
  {
    "id": "9b1f8fb8-a1af-4fc8-bf0d-71346d2f346e",
    "data": [
      {
        "text": "Destination city is ",
        "userDefined": false
      },
      {
        "text": "Delhi",
        "alias": "city",
        "meta": "@sys.geo-city",
        "userDefined": false
      }
    ],
    "isTemplate": false,
    "count": 0,
    "updated": 0
  },
  {
    "id": "7305a2db-968f-46f0-920e-2e44f71130ac",
    "data": [
      {
        "text": "I want to fly to ",
        "userDefined": false
      },
      {
        "text": "pune",
        "alias": "city",
        "meta": "@sys.geo-city",
        "userDefined": false
      }
    ],
    "isTemplate": false,
    "count": 0,
    "updated": 0
  },
  {
    "id": "6725ba16-89be-4a31-a985-fb7840ee3b78",
    "data": [
      {
        "text": "Singapore",
        "alias": "city",
        "meta": "@sys.geo-city",
        "userDefined": true
      }
    ],
    "isTemplate": false,
    "count": 0,
    "updated": 0
  },
  {
    "id": "28302133-fc1f-4d83-ad84-806f14cd28fb",
    "data": [
      {
        "text": "kochi",
        "alias": "city",
        "meta": "@sys.geo-city",
        "userDefined": true
      }
    ],
    "isTemplate": false,
    "count": 0,
    "updated": 0
  },
  {
    "id": "8b9a8d16-4146-4e53-9096-4f533e426b1c",
    "data": [
      {
        "text": "Goa",
        "alias": "city",
        "meta": "@sys.geo-city",
        "userDefined": true
      }
    ],
    "isTemplate": false,
    "count": 0,
    "updated": 0
  },
  {
    "id": "c7c12a12-91cc-4aa6-abe9-0b035ff99216",
    "data": [
      {
        "text": "Bangalore",
        "alias": "city",
        "meta": "@sys.geo-city",
        "userDefined": false
      }
    ],
    "isTemplate": false,
    "count": 1,
    "updated": 0
  },
  {
    "id": "65bf2652-216f-47e3-a7fa-0f5437a03a97",
    "data": [
      {
        "text": "Kolkata",
        "alias": "city",
        "meta": "@sys.geo-city",
        "userDefined": true
      }
    ],
    "isTemplate": false,
    "count": 0,
    "updated": 0
  },
  {
    "id": "52c9497e-bddf-40c7-9b35-86d6e1e373a9",
    "data": [
      {
        "text": "Pune",
        "alias": "city",
        "meta": "@sys.geo-city",
        "userDefined": false
      }
    ],
    "isTemplate": false,
    "count": 0,
    "updated": 0
  },
  {
    "id": "240156fa-da8b-4588-9589-8140f31ca31d",
    "data": [
      {
        "text": "Delhi",
        "alias": "city",
        "meta": "@sys.geo-city",
        "userDefined": false
      }
    ],
    "isTemplate": false,
    "count": 0,
    "updated": 0
  },
  {
    "id": "e604c61b-4e2b-4e28-bb64-b6016d2bdc58",
    "data": [
      {
        "text": "I wish to go ",
        "userDefined": false
      },
      {
        "text": "Mumbai",
        "alias": "city",
        "meta": "@sys.geo-city",
        "userDefined": false
      }
    ],
    "isTemplate": false,
    "count": 0,
    "updated": 0
  },
  {
    "id": "691c6fde-5416-4ac5-989f-0d539e954301",
    "data": [
      {
        "text": "I will fly to ",
        "userDefined": false
      },
      {
        "text": "Hyderabad",
        "alias": "city",
        "meta": "@sys.geo-city",
        "userDefined": true
      }
    ],
    "isTemplate": false,
    "count": 0,
    "updated": 0
  },
  {
    "id": "ce2a3a28-78b0-4d0d-9b2f-4cbe5ce5f416",
    "data": [
      {
        "text": "I wish to go ",
        "userDefined": false
      },
      {
        "text": "Hyderabad",
        "alias": "city",
        "meta": "@sys.geo-city",
        "userDefined": true
      }
    ],
    "isTemplate": false,
    "count": 0,
    "updated": 0
  },
  {
    "id": "338ddf28-d7c4-48af-bbbc-33da8f9036db",
    "data": [
      {
        "text": "I would like to go to ",
        "userDefined": false
      },
      {
        "text": "chennai",
        "alias": "city",
        "meta": "@sys.geo-city",
        "userDefined": true
      }
    ],
    "isTemplate": false,
    "count": 0,
    "updated": 0
  }
]