[
  {
    "id": "a2391e14-ec3b-4747-a97c-370d80797d22",
    "data": [
      {
        "text": "154 894",
        "alias": "number",
        "meta": "@sys.number",
        "userDefined": false
      }
    ],
    "isTemplate": false,
    "count": 0,
    "updated": 0
  },
  {
    "id": "4ec98b7f-a6fa-4826-a60a-069226fd9ae5",
    "data": [
      {
        "text": "789456",
        "alias": "number",
        "meta": "@sys.number",
        "userDefined": false
      }
    ],
    "isTemplate": false,
    "count": 0,
    "updated": 0
  }
]