[
  {
    "id": "4f3e47ee-b138-4389-a118-2ae7368d81fe",
    "data": [
      {
        "text": "9845865415",
        "alias": "phone",
        "meta": "@sys.phone-number",
        "userDefined": false
      }
    ],
    "isTemplate": false,
    "count": 0,
    "updated": 0
  },
  {
    "id": "21549d09-6448-47aa-a34f-74d4053b0d7e",
    "data": [
      {
        "text": "547 589 14789",
        "alias": "phone",
        "meta": "@sys.phone-number",
        "userDefined": false
      }
    ],
    "isTemplate": false,
    "count": 0,
    "updated": 0
  },
  {
    "id": "551cec9c-7523-411c-95f6-38523432ac34",
    "data": [
      {
        "text": "srikar",
        "alias": "name",
        "meta": "@sys.given-name",
        "userDefined": true
      }
    ],
    "isTemplate": false,
    "count": 0,
    "updated": 0
  },
  {
    "id": "35a85987-2bc2-4584-b952-5415d77f3138",
    "data": [
      {
        "text": "sadhvi",
        "alias": "name",
        "meta": "@sys.given-name",
        "userDefined": true
      }
    ],
    "isTemplate": false,
    "count": 0,
    "updated": 0
  },
  {
    "id": "cff2a734-9798-4150-b1ce-94fda2597809",
    "data": [
      {
        "text": "harry",
        "alias": "name",
        "meta": "@sys.given-name",
        "userDefined": false
      }
    ],
    "isTemplate": false,
    "count": 0,
    "updated": 0
  },
  {
    "id": "bf6484b2-9759-4d65-a3ec-34e0d19d3008",
    "data": [
      {
        "text": "peter",
        "alias": "name",
        "meta": "@sys.given-name",
        "userDefined": false
      }
    ],
    "isTemplate": false,
    "count": 0,
    "updated": 0
  },
  {
    "id": "32fc999c-63c1-4488-9cc7-3545d434ff47",
    "data": [
      {
        "text": "john",
        "alias": "name",
        "meta": "@sys.given-name",
        "userDefined": false
      }
    ],
    "isTemplate": false,
    "count": 0,
    "updated": 0
  }
]